{"USDAED":3.67266,"USDALL":96.848749,"USDAMD":475.798293,"USDANG":1.79,"USDARS":2.918965,"USDAUD":1.293874,"USDAWG":1.79,"USDBBD":2,"USDBDT":61.709201,"USDBGN":1.501355,"USDBHD":0.3764,"USDBIF":1078.766109,"USDBMD":1,"USDBND":1.639963,"USDBOB":8.060497,"USDBRL":2.620556,"USDBSD":1,"USDBTN":43.672765,"USDBWP":4.460681,"USDBYR":2177.014605,"USDBZD":1.99,"USDCAD":1.238925,"USDCDF":450.845645,"USDCHF":1.191412,"USDCLP":584.050374,"USDCNY":8.275571,"USDCOP":2375.421232,"USDCRC":462.624336,"USDCVE":84.64113,"USDCZK":23.065616,"USDDJF":177.721,"USDDKK":5.713984,"USDDOP":27.405679,"USDDZD":72.306663,"USDEEK":11.966827,"USDEGP":5.837859,"USDETB":8.600681,"USDEUR":0.76715,"USDFJD":1.656638,"USDFKP":0.531364,"USDGBP":0.531479,"USDGEL":1.819102,"USDGIP":0.531919,"USDGMD":29.131914,"USDGNF":2766.029583,"USDGTQ":7.751893,"USDGYD":178.575601,"USDHKD":7.799894,"USDHNL":18.694454,"USDHRK":5.767371,"USDHTG":36.258216,"USDHUF":188.278107,"USDIDR":9200.339697,"USDILS":4.38981,"USDINR":43.655234,"USDIQD":1463.171644,"USDIRR":8854.406541,"USDISK":61.771705,"USDJMD":61.4887,"USDJOD":0.70901,"USDJPY":103.741021,"USDKES":77.182601,"USDKGS":40.742025,"USDKHR":3851.848714,"USDKMF":377.652568,"USDKPW":2.20073,"USDKRW":1028.223103,"USDKWD":0.292012,"USDKZT":130.112998,"USDLAK":10574.494511,"USDLBP":1514.897596,"USDLKR":99.287566,"USDLRD":47.02014,"USDLSL":6.040513,"USDLTL":2.650495,"USDLVL":0.536925,"USDLYD":1.272004,"USDMAD":8.523617,"USDMDL":12.529787,"USDMKD":47.10555,"USDMMK":5.600284,"USDMNT":1212.406794,"USDMOP":8.033877,"USDMRO":260.378309,"USDMUR":28.569503,"USDMVR":12.286963,"USDMWK":108.05029,"USDMXN":11.171531,"USDMYR":3.799934,"USDNAD":6.039752,"USDNGN":133.124691,"USDNIO":16.189473,"USDNOK":6.363354,"USDNPR":70.436385,"USDNZD":1.406703,"USDOMR":0.384497,"USDPAB":1,"USDPEN":3.263842,"USDPGK":3.068622,"USDPHP":55.01463,"USDPKR":59.248157,"USDPLN":3.109004,"USDPYG":6323.676108,"USDQAR":3.64,"USDRON":2.87566,"USDRUB":27.857013,"USDRWF":555.872557,"USDSAR":3.750045,"USDSBD":7.273931,"USDSCR":5.477579,"USDSEK":6.980413,"USDSGD":1.640299,"USDSHP":0.531364,"USDSLL":2428.003689,"USDSOS":3105.157964,"USDSTD":9063.371459,"USDSVC":8.752932,"USDSYP":52.272119,"USDSZL":6.039179,"USDTHB":38.626443,"USDTJS":2.78501,"USDTND":1.235007,"USDTOP":1.912256,"USDTRY":1.330927,"USDTTD":6.2595,"USDTWD":31.790222,"USDTZS":1107.802288,"USDUAH":5.309593,"USDUGX":1710.231706,"USDUSD":1,"USDUYU":24.525535,"USDUZS":1064.304905,"USDVEF":1.916402,"USDVND":15797.040454,"USDVUV":107.555103,"USDWST":2.691652,"USDXAF":503.160206,"USDXCD":2.685699,"USDXDR":0.658261,"USDXOF":503.160206,"USDXPF":91.503581,"USDYER":184.905431,"USDZAR":6.020088,"USDZMK":4700.080713}
