{"USDAED":3.672304,"USDAFN":66.580002,"USDALL":121.750403,"USDAMD":473.76001,"USDANG":1.770403,"USDAOA":165.065002,"USDARS":14.970402,"USDAUD":1.324104,"USDAWG":1.79,"USDAZN":1.639804,"USDBAM":1.744404,"USDBBD":2,"USDBDT":78.300003,"USDBGN":1.735704,"USDBHD":0.376904,"USDBIF":1655.469971,"USDBMD":1.00005,"USDBND":1.346041,"USDBOB":6.860399,"USDBRL":3.269041,"USDBSD":1,"USDBTC":0.001608,"USDBTN":66.400002,"USDBWP":10.633304,"USDBYR":20020,"USDBZD":1.980397,"USDCAD":1.303404,"USDCDF":964.000362,"USDCHF":0.975404,"USDCLF":0.02536,"USDCLP":671.650024,"USDCNY":6.664041,"USDCOP":2918,"USDCRC":546.200012,"USDCUC":0.995,"USDCUP":1.00036,"USDCVE":98.150002,"USDCZK":24.065001,"USDDJF":176.139999,"USDDKK":6.62634,"USDDOP":45.950001,"USDDZD":108.379997,"USDEEK":13.93304,"USDEGP":8.857404,"USDERN":15.803879,"USDETB":21.903876,"USDEUR":0.890404,"USDFJD":2.040392,"USDFKP":0.75304,"USDGBP":0.75327,"USDGEL":2.296904,"USDGGP":0.75358,"USDGHS":3.94804,"USDGIP":0.753204,"USDGMD":42.32039,"USDGNF":9140.000355,"USDGTQ":7.535504,"USDGYD":204.949997,"USDHKD":7.755504,"USDHNL":22.750389,"USDHRK":6.627204,"USDHTG":64.269997,"USDHUF":272.850006,"USDIDR":13058,"USDILS":3.758804,"USDIMP":0.75358,"USDINR":66.760002,"USDIQD":1165,"USDIRR":30087.000352,"USDISK":114.309998,"USDJEP":0.75358,"USDJMD":126.900002,"USDJOD":0.707804,"USDJPY":102.680385,"USDKES":101.250385,"USDKGS":69.000999,"USDKHR":4054.000351,"USDKMF":439.750384,"USDKPW":900.00035,"USDKRW":1105.00035,"USDKWD":0.300504,"USDKYD":0.820383,"USDKZT":337.049988,"USDLAK":8072.000349,"USDLBP":1504.503779,"USDLKR":145.100006,"USDLRD":90.000348,"USDLSL":14.370382,"USDLTL":3.048704,"USDLVL":0.62055,"USDLYD":1.373504,"USDMAD":9.680381,"USDMDL":19.67038,"USDMGA":3027.000347,"USDMKD":54.75038,"USDMMK":1220.000346,"USDMNT":2210.000346,"USDMOP":7.988204,"USDMRO":353.000346,"USDMUR":35.090379,"USDMVR":15.103741,"USDMWK":712.526978,"USDMXN":18.879999,"USDMYR":4.096039,"USDMZN":75.540001,"USDNAD":13.924039,"USDNGN":304.000344,"USDNIO":28.885799,"USDNOK":8.249604,"USDNPR":106.050003,"USDNZD":1.366039,"USDOMR":0.385039,"USDPAB":1.003645,"USDPEN":3.353804,"USDPGK":3.165504,"USDPHP":47.389999,"USDPKR":104.279999,"USDPLN":3.866504,"USDPYG":5553.000341,"USDQAR":3.640704,"USDRON":3.950404,"USDRSD":108.972298,"USDRUB":64.586998,"USDRWF":800.47998,"USDSAR":3.750504,"USDSBD":7.779604,"USDSCR":13.054038,"USDSDG":6.070372,"USDSEK":8.486404,"USDSGD":1.35782,"USDSHP":0.753204,"USDSLL":5600.000339,"USDSOS":548.000338,"USDSRD":7.390371,"USDSTD":21816,"USDSVC":8.722204,"USDSYP":214.100006,"USDSZL":14.346504,"USDTHB":34.720001,"USDTJS":7.870604,"USDTMT":3.41,"USDTND":2.192504,"USDTOP":2.234104,"USDTRY":2.972804,"USDTTD":6.670368,"USDTWD":31.535038,"USDTZS":2180.000336,"USDUAH":26.629999,"USDUGX":3377.000335,"USDUSD":1,"USDUYU":28.490367,"USDUZS":2990.000335,"USDVEF":9.974804,"USDVND":22270,"USDVUV":104.349998,"USDWST":2.510104,"USDXAF":583.719971,"USDXAG":0.052493,"USDXAU":0.000756,"USDXCD":2.703606,"USDXDR":0.713234,"USDXOF":581.450012,"USDXPF":105.150002,"USDYER":249.949997,"USDZAR":14.385604,"USDZMK":5156.103593,"USDZMW":10.250363,"USDZWL":322.355011}
